image_id,image,category_id
229622,000000229622.jpg,1
342005,000000342005.jpg,1
112849,000000112849.jpg,1
345172,000000345172.jpg,1
535663,000000535663.jpg,1
474642,000000474642.jpg,1
410141,000000410141.jpg,1
131534,000000131534.jpg,1
244421,000000244421.jpg,1
385669,000000385669.jpg,1
60647,000000060647.jpg,1
564532,000000564532.jpg,1
243912,000000243912.jpg,1
116043,000000116043.jpg,1
85527,000000085527.jpg,1
345507,000000345507.jpg,1
301575,000000301575.jpg,1
405271,000000405271.jpg,1
435161,000000435161.jpg,1
232842,000000232842.jpg,1
147346,000000147346.jpg,1
572453,000000572453.jpg,1
169547,000000169547.jpg,1
165086,000000165086.jpg,1
126204,000000126204.jpg,1
136664,000000136664.jpg,1
357904,000000357904.jpg,1
203765,000000203765.jpg,1
375806,000000375806.jpg,1
421735,000000421735.jpg,1
186026,000000186026.jpg,1
145295,000000145295.jpg,1
68777,000000068777.jpg,1
157642,000000157642.jpg,1
451969,000000451969.jpg,1
94769,000000094769.jpg,1
83174,000000083174.jpg,1
354429,000000354429.jpg,1
927,000000000927.jpg,1
331229,000000331229.jpg,1
516727,000000516727.jpg,1
387109,000000387109.jpg,1
356011,000000356011.jpg,1
92804,000000092804.jpg,1
120052,000000120052.jpg,1
294714,000000294714.jpg,1
390125,000000390125.jpg,1
510813,000000510813.jpg,1
159409,000000159409.jpg,1
234633,000000234633.jpg,1
444926,000000444926.jpg,1
313097,000000313097.jpg,1
515854,000000515854.jpg,1
450151,000000450151.jpg,1
368066,000000368066.jpg,1
376246,000000376246.jpg,1
572571,000000572571.jpg,1
213393,000000213393.jpg,1
485509,000000485509.jpg,1
293159,000000293159.jpg,1
454255,000000454255.jpg,1
299498,000000299498.jpg,1
453853,000000453853.jpg,1
536933,000000536933.jpg,1
114673,000000114673.jpg,1
375357,000000375357.jpg,1
338880,000000338880.jpg,1
122667,000000122667.jpg,1
367538,000000367538.jpg,1
121879,000000121879.jpg,1
136642,000000136642.jpg,1
210537,000000210537.jpg,1
167851,000000167851.jpg,1
214385,000000214385.jpg,1
93735,000000093735.jpg,1
451095,000000451095.jpg,1
375219,000000375219.jpg,1
192627,000000192627.jpg,1
45089,000000045089.jpg,1
194685,000000194685.jpg,1
150267,000000150267.jpg,1
87378,000000087378.jpg,1
331785,000000331785.jpg,1
352440,000000352440.jpg,1
433985,000000433985.jpg,1
351235,000000351235.jpg,1
413951,000000413951.jpg,1
545500,000000545500.jpg,1
203138,000000203138.jpg,1
232963,000000232963.jpg,1
314904,000000314904.jpg,1
117098,000000117098.jpg,1
91436,000000091436.jpg,1
267972,000000267972.jpg,1
346178,000000346178.jpg,1
105872,000000105872.jpg,1
165077,000000165077.jpg,1
443667,000000443667.jpg,1
196016,000000196016.jpg,1
470937,000000470937.jpg,1
445928,000000445928.jpg,1
355957,000000355957.jpg,1
178625,000000178625.jpg,1
421315,000000421315.jpg,1
73976,000000073976.jpg,1
186493,000000186493.jpg,1
284667,000000284667.jpg,1
353593,000000353593.jpg,1
13182,000000013182.jpg,1
461753,000000461753.jpg,1
450026,000000450026.jpg,1
385881,000000385881.jpg,1
212285,000000212285.jpg,1
227031,000000227031.jpg,1
4555,000000004555.jpg,1
496334,000000496334.jpg,1
37169,000000037169.jpg,1
380306,000000380306.jpg,1
92990,000000092990.jpg,1
488377,000000488377.jpg,1
214972,000000214972.jpg,1
172151,000000172151.jpg,1
80911,000000080911.jpg,1
180285,000000180285.jpg,1
491580,000000491580.jpg,1
260040,000000260040.jpg,1
495059,000000495059.jpg,1
234751,000000234751.jpg,1
326143,000000326143.jpg,1
464366,000000464366.jpg,1
74853,000000074853.jpg,1
315939,000000315939.jpg,1
152492,000000152492.jpg,1
336049,000000336049.jpg,1
319161,000000319161.jpg,1
490168,000000490168.jpg,1
361829,000000361829.jpg,1
479213,000000479213.jpg,1
543689,000000543689.jpg,1
33341,000000033341.jpg,1
169111,000000169111.jpg,1
110790,000000110790.jpg,1
77005,000000077005.jpg,1
6562,000000006562.jpg,1
101390,000000101390.jpg,1
208215,000000208215.jpg,1
479590,000000479590.jpg,1
5376,000000005376.jpg,1
72984,000000072984.jpg,1
223580,000000223580.jpg,1
155777,000000155777.jpg,1
424301,000000424301.jpg,1
372003,000000372003.jpg,1
317788,000000317788.jpg,1
472003,000000472003.jpg,1
329490,000000329490.jpg,1
399147,000000399147.jpg,1
126931,000000126931.jpg,1
43232,000000043232.jpg,1
232389,000000232389.jpg,1
265167,000000265167.jpg,1
79841,000000079841.jpg,1
82359,000000082359.jpg,1
543347,000000543347.jpg,1
246719,000000246719.jpg,1
313532,000000313532.jpg,1
478811,000000478811.jpg,1
19489,000000019489.jpg,1
253031,000000253031.jpg,1
167169,000000167169.jpg,1
79513,000000079513.jpg,1
171729,000000171729.jpg,1
413446,000000413446.jpg,1
11041,000000011041.jpg,1
291059,000000291059.jpg,1
39632,000000039632.jpg,1
43960,000000043960.jpg,1
162520,000000162520.jpg,1
305485,000000305485.jpg,1
544611,000000544611.jpg,1
338256,000000338256.jpg,1
279457,000000279457.jpg,1
366247,000000366247.jpg,1
523700,000000523700.jpg,1
247893,000000247893.jpg,1
83482,000000083482.jpg,1
178279,000000178279.jpg,1
247179,000000247179.jpg,1
107225,000000107225.jpg,1
318671,000000318671.jpg,1
203151,000000203151.jpg,1
174274,000000174274.jpg,1
186605,000000186605.jpg,1
183519,000000183519.jpg,1
285180,000000285180.jpg,1
44977,000000044977.jpg,1
222970,000000222970.jpg,1
250744,000000250744.jpg,1
424254,000000424254.jpg,1
510771,000000510771.jpg,1
92462,000000092462.jpg,1
125873,000000125873.jpg,1
353056,000000353056.jpg,1
420963,000000420963.jpg,1
422283,000000422283.jpg,1
389595,000000389595.jpg,1
493252,000000493252.jpg,1
479081,000000479081.jpg,1
17057,000000017057.jpg,1
521632,000000521632.jpg,1
435405,000000435405.jpg,1
184810,000000184810.jpg,1
129108,000000129108.jpg,1
213527,000000213527.jpg,1
572960,000000572960.jpg,1
364340,000000364340.jpg,1
444132,000000444132.jpg,1
253455,000000253455.jpg,1
179781,000000179781.jpg,1
336245,000000336245.jpg,1
163553,000000163553.jpg,1
508230,000000508230.jpg,1
86125,000000086125.jpg,1
447082,000000447082.jpg,1
65183,000000065183.jpg,1
277334,000000277334.jpg,1
358086,000000358086.jpg,1
562556,000000562556.jpg,1
342589,000000342589.jpg,1
91056,000000091056.jpg,1
427573,000000427573.jpg,1
524786,000000524786.jpg,1
493339,000000493339.jpg,1
479864,000000479864.jpg,1
450577,000000450577.jpg,1
460461,000000460461.jpg,1
220942,000000220942.jpg,1
335065,000000335065.jpg,1
194694,000000194694.jpg,1
180888,000000180888.jpg,1
143164,000000143164.jpg,1
250848,000000250848.jpg,1
352063,000000352063.jpg,1
464237,000000464237.jpg,1
16525,000000016525.jpg,1
119714,000000119714.jpg,1
10216,000000010216.jpg,1
531149,000000531149.jpg,1
83600,000000083600.jpg,1
418535,000000418535.jpg,1
574541,000000574541.jpg,1
202843,000000202843.jpg,1
368833,000000368833.jpg,1
387333,000000387333.jpg,1
178254,000000178254.jpg,1
276047,000000276047.jpg,1
249936,000000249936.jpg,1
571970,000000571970.jpg,1
198596,000000198596.jpg,1
16959,000000016959.jpg,1
251723,000000251723.jpg,1
579362,000000579362.jpg,1
26026,000000026026.jpg,1
508092,000000508092.jpg,1
161634,000000161634.jpg,1
78381,000000078381.jpg,1
518224,000000518224.jpg,1
486650,000000486650.jpg,1
168927,000000168927.jpg,1
67259,000000067259.jpg,1
28823,000000028823.jpg,1
294718,000000294718.jpg,1
337547,000000337547.jpg,1
99856,000000099856.jpg,1
534889,000000534889.jpg,1
481010,000000481010.jpg,1
320429,000000320429.jpg,1
517723,000000517723.jpg,1
118256,000000118256.jpg,1
560635,000000560635.jpg,1
98098,000000098098.jpg,1
524467,000000524467.jpg,1
149896,000000149896.jpg,1
15564,000000015564.jpg,1
373254,000000373254.jpg,1
339248,000000339248.jpg,1
141566,000000141566.jpg,1
300357,000000300357.jpg,1
543193,000000543193.jpg,1
237350,000000237350.jpg,1
43477,000000043477.jpg,1
232219,000000232219.jpg,1
305206,000000305206.jpg,1
476298,000000476298.jpg,1
227222,000000227222.jpg,1
490712,000000490712.jpg,1
263760,000000263760.jpg,1
88663,000000088663.jpg,1
95251,000000095251.jpg,1
249156,000000249156.jpg,1
190991,000000190991.jpg,1
100438,000000100438.jpg,1
521752,000000521752.jpg,1
117121,000000117121.jpg,1
193504,000000193504.jpg,1
482784,000000482784.jpg,1
276845,000000276845.jpg,1
257187,000000257187.jpg,1
95474,000000095474.jpg,1
477641,000000477641.jpg,1
55947,000000055947.jpg,1
120776,000000120776.jpg,1
288032,000000288032.jpg,1
533504,000000533504.jpg,1
155811,000000155811.jpg,1
512191,000000512191.jpg,1
89743,000000089743.jpg,1
549199,000000549199.jpg,1
55578,000000055578.jpg,1
41233,000000041233.jpg,1
64170,000000064170.jpg,1
303735,000000303735.jpg,1
178715,000000178715.jpg,1
391999,000000391999.jpg,1
187611,000000187611.jpg,1
236282,000000236282.jpg,1
256505,000000256505.jpg,1
439188,000000439188.jpg,1
478306,000000478306.jpg,1
3366,000000003366.jpg,1
405283,000000405283.jpg,1
349822,000000349822.jpg,1
359996,000000359996.jpg,1
378522,000000378522.jpg,1
352063,000000352063.jpg,1
399252,000000399252.jpg,1
109231,000000109231.jpg,1
167903,000000167903.jpg,1
579899,000000579899.jpg,1
296474,000000296474.jpg,1
245683,000000245683.jpg,1
190882,000000190882.jpg,1
158680,000000158680.jpg,1
392365,000000392365.jpg,1
272678,000000272678.jpg,1
176275,000000176275.jpg,1
470147,000000470147.jpg,1
440673,000000440673.jpg,1
246782,000000246782.jpg,1
157029,000000157029.jpg,1
170436,000000170436.jpg,1
289154,000000289154.jpg,1
453377,000000453377.jpg,1
173153,000000173153.jpg,1
266114,000000266114.jpg,1
144641,000000144641.jpg,1
49796,000000049796.jpg,1
433336,000000433336.jpg,1
66460,000000066460.jpg,1
560037,000000560037.jpg,1
79645,000000079645.jpg,1
391721,000000391721.jpg,1
497807,000000497807.jpg,1
554636,000000554636.jpg,1
237344,000000237344.jpg,1
549255,000000549255.jpg,1
301971,000000301971.jpg,1
9045,000000009045.jpg,1
247141,000000247141.jpg,1
475380,000000475380.jpg,1
257751,000000257751.jpg,1
135397,000000135397.jpg,1
79077,000000079077.jpg,1
535811,000000535811.jpg,1
209782,000000209782.jpg,1
504974,000000504974.jpg,1
171962,000000171962.jpg,1
510122,000000510122.jpg,1
359996,000000359996.jpg,1
324962,000000324962.jpg,1
17696,000000017696.jpg,1
322604,000000322604.jpg,1
558348,000000558348.jpg,1
535302,000000535302.jpg,1
462006,000000462006.jpg,1
483358,000000483358.jpg,1
217710,000000217710.jpg,1
581189,000000581189.jpg,1
139296,000000139296.jpg,1
309937,000000309937.jpg,1
574731,000000574731.jpg,1
173083,000000173083.jpg,1
57224,000000057224.jpg,1
70718,000000070718.jpg,1
365314,000000365314.jpg,1
389704,000000389704.jpg,1
426591,000000426591.jpg,1
527995,000000527995.jpg,1
185291,000000185291.jpg,1
60771,000000060771.jpg,1
476679,000000476679.jpg,1
138956,000000138956.jpg,1
379965,000000379965.jpg,1
348496,000000348496.jpg,1
276572,000000276572.jpg,1
287387,000000287387.jpg,1
138401,000000138401.jpg,1
255186,000000255186.jpg,1
463108,000000463108.jpg,1
469888,000000469888.jpg,1
146317,000000146317.jpg,1
428015,000000428015.jpg,1
564166,000000564166.jpg,1
487063,000000487063.jpg,1
493102,000000493102.jpg,1
439926,000000439926.jpg,1
437010,000000437010.jpg,1
362031,000000362031.jpg,1
12145,000000012145.jpg,1
363548,000000363548.jpg,1
561352,000000561352.jpg,1
185087,000000185087.jpg,1
427310,000000427310.jpg,1
128770,000000128770.jpg,1
359851,000000359851.jpg,1
205354,000000205354.jpg,1
571051,000000571051.jpg,1
278174,000000278174.jpg,1
406488,000000406488.jpg,1
558678,000000558678.jpg,1
429321,000000429321.jpg,1
277625,000000277625.jpg,1
549347,000000549347.jpg,1
388508,000000388508.jpg,1
171806,000000171806.jpg,1
134503,000000134503.jpg,1
529227,000000529227.jpg,1
457948,000000457948.jpg,1
148188,000000148188.jpg,1
101892,000000101892.jpg,1
566085,000000566085.jpg,1
382569,000000382569.jpg,1
477005,000000477005.jpg,1
96596,000000096596.jpg,1
205473,000000205473.jpg,1
227882,000000227882.jpg,1
461295,000000461295.jpg,1
82744,000000082744.jpg,1
298002,000000298002.jpg,1
154346,000000154346.jpg,1
374463,000000374463.jpg,1
257443,000000257443.jpg,1
297198,000000297198.jpg,1
183068,000000183068.jpg,1
18059,000000018059.jpg,1
119787,000000119787.jpg,1
153573,000000153573.jpg,1
195952,000000195952.jpg,1
95726,000000095726.jpg,1
318840,000000318840.jpg,1
372020,000000372020.jpg,1
106470,000000106470.jpg,1
234666,000000234666.jpg,1
75527,000000075527.jpg,1
276077,000000276077.jpg,1
149185,000000149185.jpg,1
186181,000000186181.jpg,1
563717,000000563717.jpg,1
560797,000000560797.jpg,1
159176,000000159176.jpg,1
174399,000000174399.jpg,1
440511,000000440511.jpg,1
304361,000000304361.jpg,1
487555,000000487555.jpg,1
278115,000000278115.jpg,1
19681,000000019681.jpg,1
425069,000000425069.jpg,1
59593,000000059593.jpg,1
144666,000000144666.jpg,1
145638,000000145638.jpg,1
124364,000000124364.jpg,1
523010,000000523010.jpg,1
479707,000000479707.jpg,1
384140,000000384140.jpg,1
128920,000000128920.jpg,1
303264,000000303264.jpg,1
132336,000000132336.jpg,1
102420,000000102420.jpg,1
434511,000000434511.jpg,1
159081,000000159081.jpg,1
121943,000000121943.jpg,1
570624,000000570624.jpg,1
354679,000000354679.jpg,1
361885,000000361885.jpg,1
198057,000000198057.jpg,1
114684,000000114684.jpg,1
228350,000000228350.jpg,1
151576,000000151576.jpg,1
150942,000000150942.jpg,1
194421,000000194421.jpg,1
111266,000000111266.jpg,1
196098,000000196098.jpg,1
289180,000000289180.jpg,1
511734,000000511734.jpg,1
455959,000000455959.jpg,1
244334,000000244334.jpg,1
506802,000000506802.jpg,1
576187,000000576187.jpg,1
243418,000000243418.jpg,1
163457,000000163457.jpg,1
217583,000000217583.jpg,1
175439,000000175439.jpg,1
206137,000000206137.jpg,1
156958,000000156958.jpg,1
387932,000000387932.jpg,1
63121,000000063121.jpg,1
457162,000000457162.jpg,1
488206,000000488206.jpg,1
315339,000000315339.jpg,1
90154,000000090154.jpg,1
502338,000000502338.jpg,1
60043,000000060043.jpg,1
25481,000000025481.jpg,1
160549,000000160549.jpg,1
101053,000000101053.jpg,1
301615,000000301615.jpg,1
193875,000000193875.jpg,1
156035,000000156035.jpg,1
397593,000000397593.jpg,1
171566,000000171566.jpg,1
375001,000000375001.jpg,1
293074,000000293074.jpg,1
423693,000000423693.jpg,1
490032,000000490032.jpg,1
214589,000000214589.jpg,1
276596,000000276596.jpg,1
50778,000000050778.jpg,1
361460,000000361460.jpg,1
319726,000000319726.jpg,1
321036,000000321036.jpg,1
542832,000000542832.jpg,1
115370,000000115370.jpg,1
41174,000000041174.jpg,1
301756,000000301756.jpg,1
371317,000000371317.jpg,1
224336,000000224336.jpg,1
332547,000000332547.jpg,1
230265,000000230265.jpg,1
20177,000000020177.jpg,1
492605,000000492605.jpg,1
581539,000000581539.jpg,1
451856,000000451856.jpg,1
347688,000000347688.jpg,1
65051,000000065051.jpg,1
325132,000000325132.jpg,1
323478,000000323478.jpg,1
492104,000000492104.jpg,1
72177,000000072177.jpg,1
407178,000000407178.jpg,1
562232,000000562232.jpg,1
299786,000000299786.jpg,1
420054,000000420054.jpg,1
579901,000000579901.jpg,1
431555,000000431555.jpg,1
405823,000000405823.jpg,1
540728,000000540728.jpg,1
227806,000000227806.jpg,1
273653,000000273653.jpg,1
75477,000000075477.jpg,1
196715,000000196715.jpg,1
374924,000000374924.jpg,1
8647,000000008647.jpg,1
367655,000000367655.jpg,1
293492,000000293492.jpg,1
442277,000000442277.jpg,1
148924,000000148924.jpg,1
462505,000000462505.jpg,1
255592,000000255592.jpg,1
302415,000000302415.jpg,1
160628,000000160628.jpg,1
7938,000000007938.jpg,1
418087,000000418087.jpg,1
429246,000000429246.jpg,1
429643,000000429643.jpg,1
117114,000000117114.jpg,1
61106,000000061106.jpg,1
235964,000000235964.jpg,1
19592,000000019592.jpg,1
511410,000000511410.jpg,1
442872,000000442872.jpg,1
256384,000000256384.jpg,1
195750,000000195750.jpg,1
235192,000000235192.jpg,1
7853,000000007853.jpg,1
539717,000000539717.jpg,1
459821,000000459821.jpg,1
579883,000000579883.jpg,1
407465,000000407465.jpg,1
334180,000000334180.jpg,1
403683,000000403683.jpg,1
16418,000000016418.jpg,1
183386,000000183386.jpg,1
340082,000000340082.jpg,1
381433,000000381433.jpg,1
183176,000000183176.jpg,1
357583,000000357583.jpg,1
73749,000000073749.jpg,1
321849,000000321849.jpg,1
143845,000000143845.jpg,1
539298,000000539298.jpg,1
20489,000000020489.jpg,1
387109,000000387109.jpg,1
106817,000000106817.jpg,1
1053,000000001053.jpg,1
16297,000000016297.jpg,1
27486,000000027486.jpg,1
138036,000000138036.jpg,1
263011,000000263011.jpg,1
41742,000000041742.jpg,1
56456,000000056456.jpg,1
97023,000000097023.jpg,1
36990,000000036990.jpg,1
433845,000000433845.jpg,1
270512,000000270512.jpg,1
372381,000000372381.jpg,1
7232,000000007232.jpg,1
386371,000000386371.jpg,1
265725,000000265725.jpg,1
441496,000000441496.jpg,1
95358,000000095358.jpg,1
200494,000000200494.jpg,1
124949,000000124949.jpg,1
243847,000000243847.jpg,1
513616,000000513616.jpg,1
84238,000000084238.jpg,1
271298,000000271298.jpg,1
321234,000000321234.jpg,1
536707,000000536707.jpg,1
342585,000000342585.jpg,1
187785,000000187785.jpg,1
187709,000000187709.jpg,1
231605,000000231605.jpg,1
422341,000000422341.jpg,1
320045,000000320045.jpg,1
440673,000000440673.jpg,1
126974,000000126974.jpg,1
50379,000000050379.jpg,1
431052,000000431052.jpg,1
292618,000000292618.jpg,1
286930,000000286930.jpg,1
367096,000000367096.jpg,1
97967,000000097967.jpg,1
13455,000000013455.jpg,1
122274,000000122274.jpg,1
457725,000000457725.jpg,1
115006,000000115006.jpg,1
452083,000000452083.jpg,1
569174,000000569174.jpg,1
329055,000000329055.jpg,1
492215,000000492215.jpg,1
99349,000000099349.jpg,1
379052,000000379052.jpg,1
151095,000000151095.jpg,1
464265,000000464265.jpg,1
184800,000000184800.jpg,1
418653,000000418653.jpg,1
243207,000000243207.jpg,1
293169,000000293169.jpg,1
103083,000000103083.jpg,1
477807,000000477807.jpg,1
577079,000000577079.jpg,1
504733,000000504733.jpg,1
275502,000000275502.jpg,1
455481,000000455481.jpg,1
523097,000000523097.jpg,1
16470,000000016470.jpg,1
568658,000000568658.jpg,1
175461,000000175461.jpg,1
277625,000000277625.jpg,1
172340,000000172340.jpg,1
423739,000000423739.jpg,1
310499,000000310499.jpg,1
440106,000000440106.jpg,1
380057,000000380057.jpg,1
277642,000000277642.jpg,1
265879,000000265879.jpg,1
256643,000000256643.jpg,1
274399,000000274399.jpg,1
175734,000000175734.jpg,1
72354,000000072354.jpg,1
393707,000000393707.jpg,1
541999,000000541999.jpg,1
389182,000000389182.jpg,1
324332,000000324332.jpg,1
312961,000000312961.jpg,1
311149,000000311149.jpg,1
54868,000000054868.jpg,1
239241,000000239241.jpg,1
296631,000000296631.jpg,1
187785,000000187785.jpg,1
50204,000000050204.jpg,1
51773,000000051773.jpg,1
471028,000000471028.jpg,1
46950,000000046950.jpg,1
244614,000000244614.jpg,1
554036,000000554036.jpg,1
528786,000000528786.jpg,1
172377,000000172377.jpg,1
523354,000000523354.jpg,1
366207,000000366207.jpg,1
131058,000000131058.jpg,1
255910,000000255910.jpg,1
332836,000000332836.jpg,1
281586,000000281586.jpg,1
457503,000000457503.jpg,1
212741,000000212741.jpg,1
72737,000000072737.jpg,1
535514,000000535514.jpg,1
30163,000000030163.jpg,1
73786,000000073786.jpg,1
74232,000000074232.jpg,1
201728,000000201728.jpg,1
302595,000000302595.jpg,1
260465,000000260465.jpg,1
350009,000000350009.jpg,1
244762,000000244762.jpg,1
233404,000000233404.jpg,1
268774,000000268774.jpg,1
558766,000000558766.jpg,1
72514,000000072514.jpg,1
577879,000000577879.jpg,1
204423,000000204423.jpg,1
506231,000000506231.jpg,1
436078,000000436078.jpg,1
239558,000000239558.jpg,1
416088,000000416088.jpg,1
351233,000000351233.jpg,1
254476,000000254476.jpg,1
442277,000000442277.jpg,1
182634,000000182634.jpg,1
16468,000000016468.jpg,1
245818,000000245818.jpg,1
382714,000000382714.jpg,1
382350,000000382350.jpg,1
364075,000000364075.jpg,1
213117,000000213117.jpg,1
246417,000000246417.jpg,1
297444,000000297444.jpg,1
34522,000000034522.jpg,1
240134,000000240134.jpg,1
521021,000000521021.jpg,1
290828,000000290828.jpg,1
347829,000000347829.jpg,1
167346,000000167346.jpg,1
63867,000000063867.jpg,1
404944,000000404944.jpg,1
399585,000000399585.jpg,1
378747,000000378747.jpg,1
265267,000000265267.jpg,1
22857,000000022857.jpg,1
202990,000000202990.jpg,1
121709,000000121709.jpg,1
450182,000000450182.jpg,1
516034,000000516034.jpg,1
27163,000000027163.jpg,1
548253,000000548253.jpg,1
45687,000000045687.jpg,1
145264,000000145264.jpg,1
419296,000000419296.jpg,1
313214,000000313214.jpg,1
391688,000000391688.jpg,1
180827,000000180827.jpg,1
174345,000000174345.jpg,1
277061,000000277061.jpg,1
413124,000000413124.jpg,1
130024,000000130024.jpg,1
449177,000000449177.jpg,1
258249,000000258249.jpg,1
12838,000000012838.jpg,1
92247,000000092247.jpg,1
49402,000000049402.jpg,1
276417,000000276417.jpg,1
401194,000000401194.jpg,1
487228,000000487228.jpg,1
386764,000000386764.jpg,1
318231,000000318231.jpg,1
7307,000000007307.jpg,1
257,000000000257.jpg,1
213695,000000213695.jpg,1
238535,000000238535.jpg,1
453157,000000453157.jpg,1
79333,000000079333.jpg,1
419232,000000419232.jpg,1
100311,000000100311.jpg,1
198363,000000198363.jpg,1
190942,000000190942.jpg,1
394518,000000394518.jpg,1
427615,000000427615.jpg,1
77973,000000077973.jpg,1
296777,000000296777.jpg,1
181038,000000181038.jpg,1
278822,000000278822.jpg,1
274451,000000274451.jpg,1
72397,000000072397.jpg,1
216681,000000216681.jpg,1
218397,000000218397.jpg,1
118920,000000118920.jpg,1
488962,000000488962.jpg,1
354575,000000354575.jpg,1
77615,000000077615.jpg,1
559270,000000559270.jpg,1
80714,000000080714.jpg,1
456286,000000456286.jpg,1
58099,000000058099.jpg,1
426556,000000426556.jpg,1
11271,000000011271.jpg,1
534772,000000534772.jpg,1
322629,000000322629.jpg,1
326075,000000326075.jpg,1
579813,000000579813.jpg,1
527181,000000527181.jpg,1
38693,000000038693.jpg,1
136644,000000136644.jpg,1
9656,000000009656.jpg,1
167456,000000167456.jpg,1
248255,000000248255.jpg,1
191190,000000191190.jpg,1
149,000000000149.jpg,1
423632,000000423632.jpg,1
149221,000000149221.jpg,1
56752,000000056752.jpg,1
64694,000000064694.jpg,1
539180,000000539180.jpg,1
474461,000000474461.jpg,1
45492,000000045492.jpg,1
125873,000000125873.jpg,1
281586,000000281586.jpg,1
200745,000000200745.jpg,1
42553,000000042553.jpg,1
306908,000000306908.jpg,1
477169,000000477169.jpg,1
102202,000000102202.jpg,1
477858,000000477858.jpg,1
365456,000000365456.jpg,1
36939,000000036939.jpg,1
21378,000000021378.jpg,1
64897,000000064897.jpg,1
420028,000000420028.jpg,1
368280,000000368280.jpg,1
290698,000000290698.jpg,1
517198,000000517198.jpg,1
121749,000000121749.jpg,1
80172,000000080172.jpg,1
127842,000000127842.jpg,1
465424,000000465424.jpg,1
561383,000000561383.jpg,1
61674,000000061674.jpg,1
354842,000000354842.jpg,1
551197,000000551197.jpg,1
109851,000000109851.jpg,1
195561,000000195561.jpg,1
345104,000000345104.jpg,1
202767,000000202767.jpg,1
44729,000000044729.jpg,1
557155,000000557155.jpg,1
92721,000000092721.jpg,1
81166,000000081166.jpg,1
203747,000000203747.jpg,1
469435,000000469435.jpg,1
305327,000000305327.jpg,1
337525,000000337525.jpg,1
348162,000000348162.jpg,1
273446,000000273446.jpg,1
490648,000000490648.jpg,1
453629,000000453629.jpg,1
212083,000000212083.jpg,1
403464,000000403464.jpg,1
430739,000000430739.jpg,1
419777,000000419777.jpg,1
407674,000000407674.jpg,1
98882,000000098882.jpg,1
373457,000000373457.jpg,1
109560,000000109560.jpg,1
337779,000000337779.jpg,1
75450,000000075450.jpg,1
346954,000000346954.jpg,1
515444,000000515444.jpg,1
146240,000000146240.jpg,1
560662,000000560662.jpg,1
148994,000000148994.jpg,1
96254,000000096254.jpg,1
182314,000000182314.jpg,1
188067,000000188067.jpg,1
173422,000000173422.jpg,1
305973,000000305973.jpg,1
526723,000000526723.jpg,1
486421,000000486421.jpg,1
574277,000000574277.jpg,1
314390,000000314390.jpg,1
355828,000000355828.jpg,1
259610,000000259610.jpg,1
188478,000000188478.jpg,1
254797,000000254797.jpg,1
380100,000000380100.jpg,1
145311,000000145311.jpg,1
492495,000000492495.jpg,1
320643,000000320643.jpg,1
133981,000000133981.jpg,1
402281,000000402281.jpg,1
495750,000000495750.jpg,1
374829,000000374829.jpg,1
448317,000000448317.jpg,1
313955,000000313955.jpg,1
328662,000000328662.jpg,1
505861,000000505861.jpg,1
270202,000000270202.jpg,1
216628,000000216628.jpg,1
227508,000000227508.jpg,1
125117,000000125117.jpg,1
50686,000000050686.jpg,1
18584,000000018584.jpg,1
121666,000000121666.jpg,1
222548,000000222548.jpg,1
74332,000000074332.jpg,1
73568,000000073568.jpg,1
451620,000000451620.jpg,1
148176,000000148176.jpg,1
397210,000000397210.jpg,1
564063,000000564063.jpg,1
478198,000000478198.jpg,1
165953,000000165953.jpg,1
550610,000000550610.jpg,1
376559,000000376559.jpg,1
511410,000000511410.jpg,1
100454,000000100454.jpg,1
432106,000000432106.jpg,1
476360,000000476360.jpg,1
386838,000000386838.jpg,1
422311,000000422311.jpg,1
515181,000000515181.jpg,1
38558,000000038558.jpg,1
381333,000000381333.jpg,1
417763,000000417763.jpg,1
116037,000000116037.jpg,1
282812,000000282812.jpg,1
350234,000000350234.jpg,1
73843,000000073843.jpg,1
567000,000000567000.jpg,1
217165,000000217165.jpg,1
84000,000000084000.jpg,1
716,000000000716.jpg,1
288379,000000288379.jpg,1
299765,000000299765.jpg,1
142014,000000142014.jpg,1
161447,000000161447.jpg,1
361469,000000361469.jpg,1
294182,000000294182.jpg,1
335840,000000335840.jpg,1
83176,000000083176.jpg,1
476607,000000476607.jpg,1
501851,000000501851.jpg,1
192955,000000192955.jpg,1
314336,000000314336.jpg,1
230554,000000230554.jpg,1
423363,000000423363.jpg,1
521739,000000521739.jpg,1
236370,000000236370.jpg,1
230554,000000230554.jpg,1
517584,000000517584.jpg,1
382640,000000382640.jpg,1
125180,000000125180.jpg,1
167920,000000167920.jpg,1
252092,000000252092.jpg,1
294850,000000294850.jpg,1
573357,000000573357.jpg,1
386559,000000386559.jpg,1
84341,000000084341.jpg,1
50366,000000050366.jpg,1
424132,000000424132.jpg,1
553366,000000553366.jpg,1
230735,000000230735.jpg,1
335009,000000335009.jpg,1
521671,000000521671.jpg,1
384794,000000384794.jpg,1
455406,000000455406.jpg,1
74925,000000074925.jpg,1
95308,000000095308.jpg,1
169779,000000169779.jpg,1
148480,000000148480.jpg,1
190087,000000190087.jpg,1
174217,000000174217.jpg,1
451087,000000451087.jpg,1
134622,000000134622.jpg,1
45084,000000045084.jpg,1
262617,000000262617.jpg,1
38022,000000038022.jpg,1
580248,000000580248.jpg,1
195998,000000195998.jpg,1
351130,000000351130.jpg,1
362591,000000362591.jpg,1
557781,000000557781.jpg,17
158127,000000158127.jpg,17
501126,000000501126.jpg,17
250249,000000250249.jpg,17
264885,000000264885.jpg,17
478675,000000478675.jpg,17
298853,000000298853.jpg,17
75344,000000075344.jpg,17
346614,000000346614.jpg,17
479403,000000479403.jpg,17
296244,000000296244.jpg,17
405864,000000405864.jpg,17
500859,000000500859.jpg,17
222929,000000222929.jpg,17
45882,000000045882.jpg,17
282840,000000282840.jpg,17
570995,000000570995.jpg,17
506782,000000506782.jpg,17
514668,000000514668.jpg,17
347236,000000347236.jpg,17
266504,000000266504.jpg,17
400489,000000400489.jpg,17
525913,000000525913.jpg,17
419008,000000419008.jpg,17
559366,000000559366.jpg,17
396933,000000396933.jpg,17
60482,000000060482.jpg,17
26375,000000026375.jpg,17
523292,000000523292.jpg,17
411065,000000411065.jpg,17
119488,000000119488.jpg,17
453472,000000453472.jpg,17
190938,000000190938.jpg,17
431879,000000431879.jpg,17
173297,000000173297.jpg,17
125690,000000125690.jpg,17
317715,000000317715.jpg,17
283505,000000283505.jpg,17
542946,000000542946.jpg,17
283286,000000283286.jpg,17
228506,000000228506.jpg,17
121446,000000121446.jpg,17
473462,000000473462.jpg,17
306173,000000306173.jpg,17
112553,000000112553.jpg,17
163660,000000163660.jpg,17
275325,000000275325.jpg,17
60792,000000060792.jpg,17
307989,000000307989.jpg,17
89238,000000089238.jpg,17
407959,000000407959.jpg,17
264708,000000264708.jpg,17
431681,000000431681.jpg,17
359908,000000359908.jpg,17
294890,000000294890.jpg,17
46905,000000046905.jpg,17
412377,000000412377.jpg,17
88257,000000088257.jpg,17
250400,000000250400.jpg,17
180960,000000180960.jpg,17
110250,000000110250.jpg,17
335481,000000335481.jpg,17
280235,000000280235.jpg,17
562558,000000562558.jpg,17
180713,000000180713.jpg,17
461963,000000461963.jpg,17
309237,000000309237.jpg,17
31345,000000031345.jpg,17
477673,000000477673.jpg,17
146411,000000146411.jpg,17
169426,000000169426.jpg,17
222145,000000222145.jpg,17
413011,000000413011.jpg,17
422272,000000422272.jpg,17
322239,000000322239.jpg,17
460661,000000460661.jpg,17
536437,000000536437.jpg,17
453676,000000453676.jpg,17
354799,000000354799.jpg,17
80665,000000080665.jpg,17
426690,000000426690.jpg,17
175820,000000175820.jpg,17
75810,000000075810.jpg,17
502275,000000502275.jpg,17
492810,000000492810.jpg,17
570952,000000570952.jpg,17
440842,000000440842.jpg,17
506740,000000506740.jpg,17
199952,000000199952.jpg,17
175729,000000175729.jpg,17
82418,000000082418.jpg,17
555427,000000555427.jpg,17
40419,000000040419.jpg,17
13040,000000013040.jpg,17
543497,000000543497.jpg,17
263588,000000263588.jpg,17
321861,000000321861.jpg,17
480076,000000480076.jpg,17
412490,000000412490.jpg,17
129742,000000129742.jpg,17
242007,000000242007.jpg,17
240155,000000240155.jpg,17
527338,000000527338.jpg,17
15474,000000015474.jpg,17
542048,000000542048.jpg,17
224833,000000224833.jpg,17
573911,000000573911.jpg,17
127854,000000127854.jpg,17
63950,000000063950.jpg,17
47403,000000047403.jpg,17
127556,000000127556.jpg,17
575816,000000575816.jpg,17
262984,000000262984.jpg,17
102841,000000102841.jpg,17
19987,000000019987.jpg,17
304760,000000304760.jpg,17
421903,000000421903.jpg,17
548672,000000548672.jpg,17
499365,000000499365.jpg,17
379799,000000379799.jpg,17
554377,000000554377.jpg,17
317162,000000317162.jpg,17
162300,000000162300.jpg,17
517178,000000517178.jpg,17
393685,000000393685.jpg,17
574241,000000574241.jpg,17
82604,000000082604.jpg,17
93257,000000093257.jpg,17
62237,000000062237.jpg,17
1319,000000001319.jpg,17
16759,000000016759.jpg,17
196307,000000196307.jpg,17
45108,000000045108.jpg,17
299163,000000299163.jpg,17
438802,000000438802.jpg,17
512479,000000512479.jpg,17
279582,000000279582.jpg,17
265070,000000265070.jpg,17
106296,000000106296.jpg,17
116892,000000116892.jpg,17
84901,000000084901.jpg,17
76985,000000076985.jpg,17
367515,000000367515.jpg,17
3711,000000003711.jpg,17
492810,000000492810.jpg,17
277038,000000277038.jpg,17
349291,000000349291.jpg,17
229228,000000229228.jpg,17
481441,000000481441.jpg,17
526962,000000526962.jpg,17
211844,000000211844.jpg,17
208011,000000208011.jpg,17
77292,000000077292.jpg,17
453507,000000453507.jpg,17
386619,000000386619.jpg,17
548661,000000548661.jpg,17
514125,000000514125.jpg,17
436647,000000436647.jpg,17
145476,000000145476.jpg,17
381854,000000381854.jpg,17
138604,000000138604.jpg,17
352196,000000352196.jpg,17
365013,000000365013.jpg,17
476960,000000476960.jpg,17
248640,000000248640.jpg,17
379612,000000379612.jpg,17
428534,000000428534.jpg,17
330883,000000330883.jpg,17
530040,000000530040.jpg,17
88499,000000088499.jpg,17
267777,000000267777.jpg,17
472762,000000472762.jpg,17
527979,000000527979.jpg,17
59501,000000059501.jpg,17
558467,000000558467.jpg,17
212025,000000212025.jpg,17
510100,000000510100.jpg,17
548511,000000548511.jpg,17
137412,000000137412.jpg,17
198563,000000198563.jpg,17
384308,000000384308.jpg,17
236945,000000236945.jpg,17
78652,000000078652.jpg,17
196971,000000196971.jpg,17
55466,000000055466.jpg,17
177262,000000177262.jpg,17
14766,000000014766.jpg,17
510515,000000510515.jpg,17
96056,000000096056.jpg,17
499597,000000499597.jpg,17
108639,000000108639.jpg,17
407390,000000407390.jpg,17
170584,000000170584.jpg,17
286554,000000286554.jpg,17
362327,000000362327.jpg,17
85131,000000085131.jpg,17
514002,000000514002.jpg,17
339545,000000339545.jpg,17
386884,000000386884.jpg,17
237903,000000237903.jpg,17
216103,000000216103.jpg,17
255244,000000255244.jpg,17
299647,000000299647.jpg,17
353136,000000353136.jpg,17
162178,000000162178.jpg,17
389718,000000389718.jpg,17
155340,000000155340.jpg,17
456204,000000456204.jpg,17
459557,000000459557.jpg,17
490689,000000490689.jpg,17
349888,000000349888.jpg,17
226360,000000226360.jpg,17
308327,000000308327.jpg,17
126145,000000126145.jpg,17
265447,000000265447.jpg,17
189504,000000189504.jpg,17
488866,000000488866.jpg,17
256481,000000256481.jpg,17
299854,000000299854.jpg,17
57708,000000057708.jpg,17
289410,000000289410.jpg,17
476530,000000476530.jpg,17
580932,000000580932.jpg,17
428266,000000428266.jpg,17
457384,000000457384.jpg,17
519094,000000519094.jpg,17
398702,000000398702.jpg,17
305380,000000305380.jpg,17
567627,000000567627.jpg,17
48419,000000048419.jpg,17
310331,000000310331.jpg,17
185124,000000185124.jpg,17
501227,000000501227.jpg,17
90349,000000090349.jpg,17
104454,000000104454.jpg,17
129139,000000129139.jpg,17
293027,000000293027.jpg,17
458083,000000458083.jpg,17
544590,000000544590.jpg,17
379210,000000379210.jpg,17
33571,000000033571.jpg,17
235713,000000235713.jpg,17
12690,000000012690.jpg,17
413250,000000413250.jpg,17
447885,000000447885.jpg,17
501377,000000501377.jpg,17
580002,000000580002.jpg,17
122726,000000122726.jpg,17
502204,000000502204.jpg,17
453620,000000453620.jpg,17
300471,000000300471.jpg,17
219894,000000219894.jpg,17
376336,000000376336.jpg,17
279899,000000279899.jpg,17
413723,000000413723.jpg,17
215616,000000215616.jpg,17
479384,000000479384.jpg,17
411334,000000411334.jpg,17
462589,000000462589.jpg,17
73729,000000073729.jpg,17
493769,000000493769.jpg,17
498716,000000498716.jpg,17
554408,000000554408.jpg,17
145512,000000145512.jpg,17
244933,000000244933.jpg,17
491113,000000491113.jpg,17
511239,000000511239.jpg,17
360269,000000360269.jpg,17
366643,000000366643.jpg,17
502495,000000502495.jpg,17
402221,000000402221.jpg,17
413896,000000413896.jpg,17
420344,000000420344.jpg,17
438753,000000438753.jpg,17
147319,000000147319.jpg,17
434580,000000434580.jpg,17
68048,000000068048.jpg,17
79421,000000079421.jpg,17
312577,000000312577.jpg,17
95753,000000095753.jpg,17
235700,000000235700.jpg,17
299163,000000299163.jpg,17
355075,000000355075.jpg,17
386029,000000386029.jpg,17
329641,000000329641.jpg,17
340841,000000340841.jpg,17
462304,000000462304.jpg,17
403639,000000403639.jpg,17
315860,000000315860.jpg,17
55645,000000055645.jpg,17
432467,000000432467.jpg,17
118889,000000118889.jpg,17
531414,000000531414.jpg,17
127781,000000127781.jpg,17
188648,000000188648.jpg,17
273893,000000273893.jpg,17
294909,000000294909.jpg,17
113762,000000113762.jpg,17
395290,000000395290.jpg,17
425591,000000425591.jpg,17
181949,000000181949.jpg,17
199940,000000199940.jpg,17
237764,000000237764.jpg,17
449379,000000449379.jpg,17
32949,000000032949.jpg,17
528539,000000528539.jpg,17
371773,000000371773.jpg,17
244933,000000244933.jpg,17
498421,000000498421.jpg,17
434329,000000434329.jpg,17
318594,000000318594.jpg,17
542487,000000542487.jpg,17
480306,000000480306.jpg,17
237994,000000237994.jpg,17
373024,000000373024.jpg,17
371258,000000371258.jpg,17
266379,000000266379.jpg,17
247301,000000247301.jpg,17
490639,000000490639.jpg,17
26375,000000026375.jpg,17
112899,000000112899.jpg,17
333443,000000333443.jpg,17
375500,000000375500.jpg,17
440532,000000440532.jpg,17
217519,000000217519.jpg,17
431775,000000431775.jpg,17
234293,000000234293.jpg,17
296913,000000296913.jpg,17
325950,000000325950.jpg,17
253789,000000253789.jpg,17
407434,000000407434.jpg,17
493074,000000493074.jpg,17
137507,000000137507.jpg,17
97029,000000097029.jpg,17
295169,000000295169.jpg,17
383406,000000383406.jpg,17
313665,000000313665.jpg,17
28006,000000028006.jpg,17
506740,000000506740.jpg,17
135577,000000135577.jpg,17
160901,000000160901.jpg,17
193680,000000193680.jpg,17
373712,000000373712.jpg,17
322121,000000322121.jpg,17
233439,000000233439.jpg,17
124002,000000124002.jpg,17
127809,000000127809.jpg,17
370030,000000370030.jpg,17
115070,000000115070.jpg,17
182759,000000182759.jpg,17
343169,000000343169.jpg,17
12085,000000012085.jpg,17
66499,000000066499.jpg,17
230151,000000230151.jpg,17
18211,000000018211.jpg,17
90659,000000090659.jpg,17
408607,000000408607.jpg,17
148458,000000148458.jpg,17
280043,000000280043.jpg,17
534347,000000534347.jpg,17
131434,000000131434.jpg,17
461410,000000461410.jpg,17
268052,000000268052.jpg,17
256781,000000256781.jpg,17
539008,000000539008.jpg,17
254132,000000254132.jpg,17
453815,000000453815.jpg,17
180445,000000180445.jpg,17
561599,000000561599.jpg,17
36484,000000036484.jpg,17
267664,000000267664.jpg,17
229139,000000229139.jpg,17
45741,000000045741.jpg,17
241465,000000241465.jpg,17
509115,000000509115.jpg,17
56857,000000056857.jpg,17
22326,000000022326.jpg,17
236162,000000236162.jpg,17
388312,000000388312.jpg,17
391632,000000391632.jpg,17
357471,000000357471.jpg,17
240289,000000240289.jpg,17
349573,000000349573.jpg,17
381972,000000381972.jpg,17
257458,000000257458.jpg,17
303706,000000303706.jpg,17
228861,000000228861.jpg,17
25421,000000025421.jpg,17
139416,000000139416.jpg,17
336511,000000336511.jpg,17
522380,000000522380.jpg,17
535602,000000535602.jpg,17
44702,000000044702.jpg,17
553761,000000553761.jpg,17
11635,000000011635.jpg,17
28273,000000028273.jpg,17
548141,000000548141.jpg,17
182020,000000182020.jpg,17
190360,000000190360.jpg,17
523553,000000523553.jpg,17
408362,000000408362.jpg,17
333406,000000333406.jpg,17
373679,000000373679.jpg,17
291865,000000291865.jpg,17
449150,000000449150.jpg,17
277070,000000277070.jpg,17
76762,000000076762.jpg,17
212873,000000212873.jpg,17
570175,000000570175.jpg,17
268628,000000268628.jpg,17
43712,000000043712.jpg,17
167874,000000167874.jpg,17
492485,000000492485.jpg,17
484661,000000484661.jpg,17
113707,000000113707.jpg,17
236162,000000236162.jpg,17
520655,000000520655.jpg,17
427117,000000427117.jpg,17
153879,000000153879.jpg,17
437556,000000437556.jpg,17
490702,000000490702.jpg,17
310780,000000310780.jpg,17
244965,000000244965.jpg,17
192878,000000192878.jpg,17
314538,000000314538.jpg,17
497010,000000497010.jpg,17
453762,000000453762.jpg,17
175202,000000175202.jpg,17
346985,000000346985.jpg,17
80098,000000080098.jpg,17
268718,000000268718.jpg,17
254838,000000254838.jpg,17
534722,000000534722.jpg,17
220292,000000220292.jpg,17
406211,000000406211.jpg,17
241505,000000241505.jpg,17
399899,000000399899.jpg,17
485149,000000485149.jpg,17
394210,000000394210.jpg,17
292767,000000292767.jpg,17
523571,000000523571.jpg,17
493792,000000493792.jpg,17
10560,000000010560.jpg,17
560392,000000560392.jpg,17
34039,000000034039.jpg,17
384742,000000384742.jpg,17
25123,000000025123.jpg,17
121112,000000121112.jpg,17
20384,000000020384.jpg,17
499028,000000499028.jpg,17
473681,000000473681.jpg,17
39386,000000039386.jpg,17
178692,000000178692.jpg,17
252573,000000252573.jpg,17
174787,000000174787.jpg,17
172405,000000172405.jpg,17
75334,000000075334.jpg,17
553871,000000553871.jpg,17
402590,000000402590.jpg,17
552395,000000552395.jpg,17
180445,000000180445.jpg,17
308798,000000308798.jpg,17
426994,000000426994.jpg,17
228029,000000228029.jpg,17
253086,000000253086.jpg,17
354258,000000354258.jpg,17
88082,000000088082.jpg,17
261333,000000261333.jpg,17
547542,000000547542.jpg,17
116380,000000116380.jpg,17
482994,000000482994.jpg,17
252127,000000252127.jpg,17
226400,000000226400.jpg,17
292931,000000292931.jpg,17
9231,000000009231.jpg,17
285968,000000285968.jpg,17
69758,000000069758.jpg,17
284373,000000284373.jpg,17
164186,000000164186.jpg,17
296871,000000296871.jpg,17
148525,000000148525.jpg,17
522405,000000522405.jpg,17
40735,000000040735.jpg,17
404349,000000404349.jpg,17
517349,000000517349.jpg,17
170584,000000170584.jpg,17
226376,000000226376.jpg,17
343953,000000343953.jpg,17
156506,000000156506.jpg,17
418853,000000418853.jpg,17
494895,000000494895.jpg,17
142454,000000142454.jpg,17
315663,000000315663.jpg,17
157981,000000157981.jpg,17
481524,000000481524.jpg,17
62652,000000062652.jpg,17
81918,000000081918.jpg,17
527529,000000527529.jpg,17
581309,000000581309.jpg,17
312550,000000312550.jpg,17
36962,000000036962.jpg,17
221763,000000221763.jpg,17
278309,000000278309.jpg,17
513743,000000513743.jpg,17
76588,000000076588.jpg,17
304357,000000304357.jpg,17
23100,000000023100.jpg,17
517178,000000517178.jpg,17
281208,000000281208.jpg,17
71673,000000071673.jpg,17
578632,000000578632.jpg,17
448627,000000448627.jpg,17
149657,000000149657.jpg,17
67126,000000067126.jpg,17
216351,000000216351.jpg,17
324285,000000324285.jpg,17
193254,000000193254.jpg,17
460661,000000460661.jpg,17
38474,000000038474.jpg,17
127477,000000127477.jpg,17
360991,000000360991.jpg,17
157876,000000157876.jpg,17
241046,000000241046.jpg,17
465267,000000465267.jpg,17
149646,000000149646.jpg,17
233379,000000233379.jpg,17
259819,000000259819.jpg,17
462589,000000462589.jpg,17
447095,000000447095.jpg,17
382926,000000382926.jpg,17
102663,000000102663.jpg,17
311290,000000311290.jpg,17
447985,000000447985.jpg,17
364283,000000364283.jpg,17
447090,000000447090.jpg,17
226938,000000226938.jpg,17
275919,000000275919.jpg,17
460495,000000460495.jpg,17
231062,000000231062.jpg,17
318722,000000318722.jpg,17
490725,000000490725.jpg,17
142649,000000142649.jpg,17
499486,000000499486.jpg,17
235274,000000235274.jpg,17
306630,000000306630.jpg,17
335982,000000335982.jpg,17
501498,000000501498.jpg,17
112951,000000112951.jpg,17
109612,000000109612.jpg,17
91465,000000091465.jpg,17
92801,000000092801.jpg,17
469317,000000469317.jpg,17
487361,000000487361.jpg,17
4537,000000004537.jpg,17
352549,000000352549.jpg,17
33924,000000033924.jpg,17
319865,000000319865.jpg,17
385272,000000385272.jpg,17
510349,000000510349.jpg,17
414102,000000414102.jpg,17
60952,000000060952.jpg,17
488945,000000488945.jpg,17
90540,000000090540.jpg,17
285376,000000285376.jpg,17
251360,000000251360.jpg,17
107623,000000107623.jpg,17
186484,000000186484.jpg,17
374061,000000374061.jpg,17
433366,000000433366.jpg,17
531983,000000531983.jpg,17
578108,000000578108.jpg,17
251358,000000251358.jpg,17
302249,000000302249.jpg,17
57930,000000057930.jpg,17
98034,000000098034.jpg,17
466597,000000466597.jpg,17
231874,000000231874.jpg,17
554860,000000554860.jpg,17
338224,000000338224.jpg,17
549115,000000549115.jpg,17
181169,000000181169.jpg,17
501325,000000501325.jpg,17
416668,000000416668.jpg,17
490507,000000490507.jpg,17
325950,000000325950.jpg,17
411926,000000411926.jpg,17
541229,000000541229.jpg,17
282279,000000282279.jpg,17
461110,000000461110.jpg,17
227218,000000227218.jpg,17
191738,000000191738.jpg,17
457768,000000457768.jpg,17
343235,000000343235.jpg,17
53479,000000053479.jpg,17
482545,000000482545.jpg,17
258998,000000258998.jpg,17
130183,000000130183.jpg,17
275028,000000275028.jpg,17
305546,000000305546.jpg,17
259879,000000259879.jpg,17
397705,000000397705.jpg,17
368371,000000368371.jpg,17
85728,000000085728.jpg,17
244933,000000244933.jpg,17
225557,000000225557.jpg,17
467817,000000467817.jpg,17
33938,000000033938.jpg,17
100449,000000100449.jpg,17
536023,000000536023.jpg,17
435922,000000435922.jpg,17
556500,000000556500.jpg,17
553417,000000553417.jpg,17
90964,000000090964.jpg,17
269432,000000269432.jpg,17
167171,000000167171.jpg,17
348767,000000348767.jpg,17
39925,000000039925.jpg,17
313993,000000313993.jpg,17
95805,000000095805.jpg,17
415604,000000415604.jpg,17
438628,000000438628.jpg,17
388976,000000388976.jpg,17
31090,000000031090.jpg,17
31230,000000031230.jpg,17
230867,000000230867.jpg,17
310058,000000310058.jpg,17
516408,000000516408.jpg,17
375960,000000375960.jpg,17
39196,000000039196.jpg,17
493295,000000493295.jpg,17
421689,000000421689.jpg,17
466007,000000466007.jpg,17
549605,000000549605.jpg,17
26281,000000026281.jpg,17
389788,000000389788.jpg,17
350133,000000350133.jpg,17
41273,000000041273.jpg,17
369793,000000369793.jpg,17
36757,000000036757.jpg,17
119360,000000119360.jpg,17
491873,000000491873.jpg,17
291541,000000291541.jpg,17
501278,000000501278.jpg,17
220053,000000220053.jpg,17
407899,000000407899.jpg,17
488964,000000488964.jpg,17
195353,000000195353.jpg,17
162801,000000162801.jpg,17
343552,000000343552.jpg,17
46877,000000046877.jpg,17
503928,000000503928.jpg,17
418894,000000418894.jpg,17
244933,000000244933.jpg,17
465506,000000465506.jpg,17
483775,000000483775.jpg,17
308739,000000308739.jpg,17
546825,000000546825.jpg,17
288724,000000288724.jpg,17
254392,000000254392.jpg,17
254045,000000254045.jpg,17
309044,000000309044.jpg,17
3729,000000003729.jpg,17
160463,000000160463.jpg,17
76522,000000076522.jpg,17
391324,000000391324.jpg,17
404673,000000404673.jpg,17
296471,000000296471.jpg,17
146058,000000146058.jpg,17
87871,000000087871.jpg,17
44474,000000044474.jpg,17
283818,000000283818.jpg,17
502305,000000502305.jpg,17
490117,000000490117.jpg,17
20207,000000020207.jpg,17
244468,000000244468.jpg,17
143876,000000143876.jpg,17
67577,000000067577.jpg,17
314140,000000314140.jpg,17
536067,000000536067.jpg,17
14285,000000014285.jpg,17
223410,000000223410.jpg,17
233169,000000233169.jpg,17
231895,000000231895.jpg,17
258523,000000258523.jpg,17
259475,000000259475.jpg,17
237772,000000237772.jpg,17
301014,000000301014.jpg,17
15070,000000015070.jpg,17
66734,000000066734.jpg,17
69549,000000069549.jpg,17
160774,000000160774.jpg,17
274537,000000274537.jpg,17
177486,000000177486.jpg,17
495607,000000495607.jpg,17
107436,000000107436.jpg,17
33842,000000033842.jpg,17
574184,000000574184.jpg,17
7247,000000007247.jpg,17
244933,000000244933.jpg,17
307379,000000307379.jpg,17
9041,000000009041.jpg,17
458119,000000458119.jpg,17
520091,000000520091.jpg,17
478817,000000478817.jpg,17
266816,000000266816.jpg,17
314537,000000314537.jpg,17
178485,000000178485.jpg,17
499597,000000499597.jpg,17
185124,000000185124.jpg,17
166853,000000166853.jpg,17
540669,000000540669.jpg,17
275831,000000275831.jpg,17
471988,000000471988.jpg,17
388658,000000388658.jpg,17
526225,000000526225.jpg,17
440698,000000440698.jpg,17
190387,000000190387.jpg,17
286720,000000286720.jpg,17
7319,000000007319.jpg,17
201406,000000201406.jpg,17
539198,000000539198.jpg,17
105120,000000105120.jpg,17
334594,000000334594.jpg,17
57777,000000057777.jpg,17
486536,000000486536.jpg,17
127407,000000127407.jpg,17
426849,000000426849.jpg,17
231091,000000231091.jpg,17
530730,000000530730.jpg,17
169426,000000169426.jpg,17
12070,000000012070.jpg,17
351975,000000351975.jpg,17
178319,000000178319.jpg,17
327864,000000327864.jpg,17
575902,000000575902.jpg,17
211716,000000211716.jpg,17
538759,000000538759.jpg,17
174700,000000174700.jpg,17
55630,000000055630.jpg,17
406395,000000406395.jpg,17
331530,000000331530.jpg,17
401232,000000401232.jpg,17
173062,000000173062.jpg,17
143123,000000143123.jpg,17
977,000000000977.jpg,17
113762,000000113762.jpg,17
455198,000000455198.jpg,17
495692,000000495692.jpg,17
413896,000000413896.jpg,17
462767,000000462767.jpg,17
388113,000000388113.jpg,17
387295,000000387295.jpg,17
355908,000000355908.jpg,17
113762,000000113762.jpg,17
220266,000000220266.jpg,17
24072,000000024072.jpg,17
257576,000000257576.jpg,17
42576,000000042576.jpg,17
435698,000000435698.jpg,17
268885,000000268885.jpg,17
168146,000000168146.jpg,17
172597,000000172597.jpg,17
529649,000000529649.jpg,17
253624,000000253624.jpg,17
460202,000000460202.jpg,17
115942,000000115942.jpg,17
251639,000000251639.jpg,17
378039,000000378039.jpg,17
140831,000000140831.jpg,17
109296,000000109296.jpg,17
210425,000000210425.jpg,17
159525,000000159525.jpg,17
164211,000000164211.jpg,17
171753,000000171753.jpg,17
8829,000000008829.jpg,17
37291,000000037291.jpg,17
285418,000000285418.jpg,17
533826,000000533826.jpg,17
284884,000000284884.jpg,17
268388,000000268388.jpg,17
273771,000000273771.jpg,17
178378,000000178378.jpg,17
443499,000000443499.jpg,17
574241,000000574241.jpg,17
465695,000000465695.jpg,17
384678,000000384678.jpg,17
89631,000000089631.jpg,17
562861,000000562861.jpg,17
48530,000000048530.jpg,17
285733,000000285733.jpg,17
220266,000000220266.jpg,17
304603,000000304603.jpg,17
243456,000000243456.jpg,17
227909,000000227909.jpg,17
489344,000000489344.jpg,17
209299,000000209299.jpg,17
496657,000000496657.jpg,17
188639,000000188639.jpg,17
351566,000000351566.jpg,17
39718,000000039718.jpg,17
291091,000000291091.jpg,17
141955,000000141955.jpg,17
517454,000000517454.jpg,17
415183,000000415183.jpg,17
174527,000000174527.jpg,17
555711,000000555711.jpg,17
159127,000000159127.jpg,17
13529,000000013529.jpg,17
296793,000000296793.jpg,17
303389,000000303389.jpg,17
220408,000000220408.jpg,17
419273,000000419273.jpg,17
474607,000000474607.jpg,17
497097,000000497097.jpg,17
473500,000000473500.jpg,17
128429,000000128429.jpg,17
15567,000000015567.jpg,17
295016,000000295016.jpg,17
579667,000000579667.jpg,17
204612,000000204612.jpg,17
244933,000000244933.jpg,17
68878,000000068878.jpg,17
168356,000000168356.jpg,17
186442,000000186442.jpg,17
454601,000000454601.jpg,17
380416,000000380416.jpg,17
36523,000000036523.jpg,17
176991,000000176991.jpg,17
358085,000000358085.jpg,17
216428,000000216428.jpg,17
350592,000000350592.jpg,17
523484,000000523484.jpg,17
466988,000000466988.jpg,17
288274,000000288274.jpg,17
97156,000000097156.jpg,17
223640,000000223640.jpg,17
106769,000000106769.jpg,17
207931,000000207931.jpg,17
74268,000000074268.jpg,17
66929,000000066929.jpg,17
337275,000000337275.jpg,17
408235,000000408235.jpg,17
280177,000000280177.jpg,17
319337,000000319337.jpg,17
58306,000000058306.jpg,17
99230,000000099230.jpg,17
460005,000000460005.jpg,17
566998,000000566998.jpg,17
145629,000000145629.jpg,17
244768,000000244768.jpg,17
5804,000000005804.jpg,17
166037,000000166037.jpg,17
96983,000000096983.jpg,17
139475,000000139475.jpg,17
33445,000000033445.jpg,17
487361,000000487361.jpg,17
466134,000000466134.jpg,17
282591,000000282591.jpg,17
471182,000000471182.jpg,17
275398,000000275398.jpg,17
84881,000000084881.jpg,17
541053,000000541053.jpg,17
531405,000000531405.jpg,17
319337,000000319337.jpg,17
449379,000000449379.jpg,17
5115,000000005115.jpg,17
283471,000000283471.jpg,17
67307,000000067307.jpg,17
576072,000000576072.jpg,17
467157,000000467157.jpg,17
440935,000000440935.jpg,17
438912,000000438912.jpg,17
42741,000000042741.jpg,17
17438,000000017438.jpg,17
361217,000000361217.jpg,17
367471,000000367471.jpg,17
579773,000000579773.jpg,17
390183,000000390183.jpg,17
234457,000000234457.jpg,17
185384,000000185384.jpg,17
22962,000000022962.jpg,17
192575,000000192575.jpg,17
244734,000000244734.jpg,17
503920,000000503920.jpg,17
489743,000000489743.jpg,17
272480,000000272480.jpg,17
281846,000000281846.jpg,17
571544,000000571544.jpg,17
547607,000000547607.jpg,17
275919,000000275919.jpg,17
99314,000000099314.jpg,17
490702,000000490702.jpg,17
323133,000000323133.jpg,17
508846,000000508846.jpg,17
484549,000000484549.jpg,17
109591,000000109591.jpg,17
543264,000000543264.jpg,17
343235,000000343235.jpg,17
445007,000000445007.jpg,17
289523,000000289523.jpg,17
15978,000000015978.jpg,17
386467,000000386467.jpg,17
222659,000000222659.jpg,17
286414,000000286414.jpg,17
434958,000000434958.jpg,17
496402,000000496402.jpg,17
242696,000000242696.jpg,17
505286,000000505286.jpg,17
106269,000000106269.jpg,17
44719,000000044719.jpg,17
168541,000000168541.jpg,17
512068,000000512068.jpg,17
67106,000000067106.jpg,17
239654,000000239654.jpg,17
241876,000000241876.jpg,17
304315,000000304315.jpg,17
561582,000000561582.jpg,17
193623,000000193623.jpg,17
133707,000000133707.jpg,17
318571,000000318571.jpg,17
386152,000000386152.jpg,17
134548,000000134548.jpg,17
32578,000000032578.jpg,17
313263,000000313263.jpg,17
3935,000000003935.jpg,17
315517,000000315517.jpg,17
27727,000000027727.jpg,17
488423,000000488423.jpg,17
87738,000000087738.jpg,17
317857,000000317857.jpg,17
484401,000000484401.jpg,17
153036,000000153036.jpg,17
181079,000000181079.jpg,17
522891,000000522891.jpg,17
181169,000000181169.jpg,17
410252,000000410252.jpg,17
438985,000000438985.jpg,17
66011,000000066011.jpg,17
91885,000000091885.jpg,17
138007,000000138007.jpg,17
396455,000000396455.jpg,17
352399,000000352399.jpg,17
563178,000000563178.jpg,17
10346,000000010346.jpg,17
365013,000000365013.jpg,17
222467,000000222467.jpg,17
35318,000000035318.jpg,17
83651,000000083651.jpg,17
84448,000000084448.jpg,17
244057,000000244057.jpg,17
105658,000000105658.jpg,17
271875,000000271875.jpg,17
346865,000000346865.jpg,17
342244,000000342244.jpg,17
122458,000000122458.jpg,17
264476,000000264476.jpg,17
343880,000000343880.jpg,17
139475,000000139475.jpg,17
388841,000000388841.jpg,17
81826,000000081826.jpg,17
455181,000000455181.jpg,17
423718,000000423718.jpg,17
511998,000000511998.jpg,17
154701,000000154701.jpg,17
540452,000000540452.jpg,17
228185,000000228185.jpg,17
521530,000000521530.jpg,17
30156,000000030156.jpg,17
342085,000000342085.jpg,17
241279,000000241279.jpg,17
366787,000000366787.jpg,17
551358,000000551358.jpg,17
113762,000000113762.jpg,17
199449,000000199449.jpg,17
283355,000000283355.jpg,17
318723,000000318723.jpg,17
382564,000000382564.jpg,17
167408,000000167408.jpg,17
337095,000000337095.jpg,17
396933,000000396933.jpg,17
128405,000000128405.jpg,17
412749,000000412749.jpg,17
50912,000000050912.jpg,17
439085,000000439085.jpg,17
393547,000000393547.jpg,17
538843,000000538843.jpg,17
460533,000000460533.jpg,17
507421,000000507421.jpg,17
554332,000000554332.jpg,17
145891,000000145891.jpg,17
563869,000000563869.jpg,17
278086,000000278086.jpg,17
161840,000000161840.jpg,17
494870,000000494870.jpg,17
434214,000000434214.jpg,17
175491,000000175491.jpg,17
436214,000000436214.jpg,17
52846,000000052846.jpg,17
152812,000000152812.jpg,17
29643,000000029643.jpg,17
106900,000000106900.jpg,18
206469,000000206469.jpg,18
58351,000000058351.jpg,18
432962,000000432962.jpg,18
576513,000000576513.jpg,18
492698,000000492698.jpg,18
38031,000000038031.jpg,18
178818,000000178818.jpg,18
385912,000000385912.jpg,18
91839,000000091839.jpg,18
442468,000000442468.jpg,18
490105,000000490105.jpg,18
125928,000000125928.jpg,18
382717,000000382717.jpg,18
573759,000000573759.jpg,18
161617,000000161617.jpg,18
14168,000000014168.jpg,18
141538,000000141538.jpg,18
494721,000000494721.jpg,18
201969,000000201969.jpg,18
132389,000000132389.jpg,18
488156,000000488156.jpg,18
478351,000000478351.jpg,18
481101,000000481101.jpg,18
406681,000000406681.jpg,18
471483,000000471483.jpg,18
39913,000000039913.jpg,18
457943,000000457943.jpg,18
53677,000000053677.jpg,18
498427,000000498427.jpg,18
140244,000000140244.jpg,18
325936,000000325936.jpg,18
326224,000000326224.jpg,18
145292,000000145292.jpg,18
378868,000000378868.jpg,18
467809,000000467809.jpg,18
466514,000000466514.jpg,18
379108,000000379108.jpg,18
6229,000000006229.jpg,18
325374,000000325374.jpg,18
84801,000000084801.jpg,18
426151,000000426151.jpg,18
381305,000000381305.jpg,18
199177,000000199177.jpg,18
37017,000000037017.jpg,18
449870,000000449870.jpg,18
84530,000000084530.jpg,18
87456,000000087456.jpg,18
215744,000000215744.jpg,18
494879,000000494879.jpg,18
498918,000000498918.jpg,18
349784,000000349784.jpg,18
445774,000000445774.jpg,18
564969,000000564969.jpg,18
459712,000000459712.jpg,18
88789,000000088789.jpg,18
340160,000000340160.jpg,18
270102,000000270102.jpg,18
543836,000000543836.jpg,18
134490,000000134490.jpg,18
154053,000000154053.jpg,18
479582,000000479582.jpg,18
343887,000000343887.jpg,18
219632,000000219632.jpg,18
231645,000000231645.jpg,18
241986,000000241986.jpg,18
437231,000000437231.jpg,18
296946,000000296946.jpg,18
242138,000000242138.jpg,18
389401,000000389401.jpg,18
351840,000000351840.jpg,18
462330,000000462330.jpg,18
232432,000000232432.jpg,18
499302,000000499302.jpg,18
176474,000000176474.jpg,18
126613,000000126613.jpg,18
436638,000000436638.jpg,18
29751,000000029751.jpg,18
249619,000000249619.jpg,18
116518,000000116518.jpg,18
299154,000000299154.jpg,18
150558,000000150558.jpg,18
42856,000000042856.jpg,18
387876,000000387876.jpg,18
355779,000000355779.jpg,18
573873,000000573873.jpg,18
485489,000000485489.jpg,18
415723,000000415723.jpg,18
360991,000000360991.jpg,18
25989,000000025989.jpg,18
53451,000000053451.jpg,18
259000,000000259000.jpg,18
92869,000000092869.jpg,18
473994,000000473994.jpg,18
29324,000000029324.jpg,18
159069,000000159069.jpg,18
550834,000000550834.jpg,18
364994,000000364994.jpg,18
268313,000000268313.jpg,18
540384,000000540384.jpg,18
516265,000000516265.jpg,18
198947,000000198947.jpg,18
121547,000000121547.jpg,18
39791,000000039791.jpg,18
73602,000000073602.jpg,18
405934,000000405934.jpg,18
307531,000000307531.jpg,18
411738,000000411738.jpg,18
575005,000000575005.jpg,18
334059,000000334059.jpg,18
217495,000000217495.jpg,18
334180,000000334180.jpg,18
259567,000000259567.jpg,18
152103,000000152103.jpg,18
137635,000000137635.jpg,18
43585,000000043585.jpg,18
190601,000000190601.jpg,18
248091,000000248091.jpg,18
75605,000000075605.jpg,18
370423,000000370423.jpg,18
97613,000000097613.jpg,18
336980,000000336980.jpg,18
384691,000000384691.jpg,18
171262,000000171262.jpg,18
143416,000000143416.jpg,18
477202,000000477202.jpg,18
496897,000000496897.jpg,18
494721,000000494721.jpg,18
47105,000000047105.jpg,18
350930,000000350930.jpg,18
94823,000000094823.jpg,18
74035,000000074035.jpg,18
209387,000000209387.jpg,18
283210,000000283210.jpg,18
285258,000000285258.jpg,18
502894,000000502894.jpg,18
243212,000000243212.jpg,18
477598,000000477598.jpg,18
545093,000000545093.jpg,18
158914,000000158914.jpg,18
197352,000000197352.jpg,18
296205,000000296205.jpg,18
499930,000000499930.jpg,18
538982,000000538982.jpg,18
495789,000000495789.jpg,18
329084,000000329084.jpg,18
61837,000000061837.jpg,18
365018,000000365018.jpg,18
143825,000000143825.jpg,18
359569,000000359569.jpg,18
391823,000000391823.jpg,18
324937,000000324937.jpg,18
164598,000000164598.jpg,18
493797,000000493797.jpg,18
464871,000000464871.jpg,18
264193,000000264193.jpg,18
566607,000000566607.jpg,18
509009,000000509009.jpg,18
257723,000000257723.jpg,18
293289,000000293289.jpg,18
412363,000000412363.jpg,18
288157,000000288157.jpg,18
96785,000000096785.jpg,18
489328,000000489328.jpg,18
552740,000000552740.jpg,18
455161,000000455161.jpg,18
248206,000000248206.jpg,18
173071,000000173071.jpg,18
375531,000000375531.jpg,18
143847,000000143847.jpg,18
69000,000000069000.jpg,18
233660,000000233660.jpg,18
275542,000000275542.jpg,18
282287,000000282287.jpg,18
478835,000000478835.jpg,18
159280,000000159280.jpg,18
283940,000000283940.jpg,18
490199,000000490199.jpg,18
95032,000000095032.jpg,18
115859,000000115859.jpg,18
248682,000000248682.jpg,18
138618,000000138618.jpg,18
337775,000000337775.jpg,18
9133,000000009133.jpg,18
382668,000000382668.jpg,18
274105,000000274105.jpg,18
279530,000000279530.jpg,18
292188,000000292188.jpg,18
357322,000000357322.jpg,18
565341,000000565341.jpg,18
306440,000000306440.jpg,18
211892,000000211892.jpg,18
55780,000000055780.jpg,18
482507,000000482507.jpg,18
262103,000000262103.jpg,18
510519,000000510519.jpg,18
381127,000000381127.jpg,18
145292,000000145292.jpg,18
43585,000000043585.jpg,18
278469,000000278469.jpg,18
205344,000000205344.jpg,18
45785,000000045785.jpg,18
540774,000000540774.jpg,18
432038,000000432038.jpg,18
211449,000000211449.jpg,18
512118,000000512118.jpg,18
442506,000000442506.jpg,18
519431,000000519431.jpg,18
123867,000000123867.jpg,18
328368,000000328368.jpg,18
189868,000000189868.jpg,18
534502,000000534502.jpg,18
27937,000000027937.jpg,18
330037,000000330037.jpg,18
151524,000000151524.jpg,18
23917,000000023917.jpg,18
438744,000000438744.jpg,18
30608,000000030608.jpg,18
1706,000000001706.jpg,18
191193,000000191193.jpg,18
283152,000000283152.jpg,18
275885,000000275885.jpg,18
69077,000000069077.jpg,18
495695,000000495695.jpg,18
55809,000000055809.jpg,18
107672,000000107672.jpg,18
36345,000000036345.jpg,18
108599,000000108599.jpg,18
70754,000000070754.jpg,18
221840,000000221840.jpg,18
22281,000000022281.jpg,18
157505,000000157505.jpg,18
183071,000000183071.jpg,18
48595,000000048595.jpg,18
6229,000000006229.jpg,18
24762,000000024762.jpg,18
179331,000000179331.jpg,18
333688,000000333688.jpg,18
191280,000000191280.jpg,18
477202,000000477202.jpg,18
198612,000000198612.jpg,18
351734,000000351734.jpg,18
166049,000000166049.jpg,18
431241,000000431241.jpg,18
300415,000000300415.jpg,18
379487,000000379487.jpg,18
403250,000000403250.jpg,18
31671,000000031671.jpg,18
158806,000000158806.jpg,18
164598,000000164598.jpg,18
65430,000000065430.jpg,18
552005,000000552005.jpg,18
330922,000000330922.jpg,18
225398,000000225398.jpg,18
431092,000000431092.jpg,18
381546,000000381546.jpg,18
29911,000000029911.jpg,18
51777,000000051777.jpg,18
119787,000000119787.jpg,18
218875,000000218875.jpg,18
253260,000000253260.jpg,18
432806,000000432806.jpg,18
557219,000000557219.jpg,18
148168,000000148168.jpg,18
177829,000000177829.jpg,18
54655,000000054655.jpg,18
389410,000000389410.jpg,18
5862,000000005862.jpg,18
547062,000000547062.jpg,18
154220,000000154220.jpg,18
215223,000000215223.jpg,18
158718,000000158718.jpg,18
216161,000000216161.jpg,18
225919,000000225919.jpg,18
30508,000000030508.jpg,18
411875,000000411875.jpg,18
572042,000000572042.jpg,18
200023,000000200023.jpg,18
274079,000000274079.jpg,18
440359,000000440359.jpg,18
330481,000000330481.jpg,18
139500,000000139500.jpg,18
89188,000000089188.jpg,18
559778,000000559778.jpg,18
246880,000000246880.jpg,18
108908,000000108908.jpg,18
285958,000000285958.jpg,18
313473,000000313473.jpg,18
304758,000000304758.jpg,18
318168,000000318168.jpg,18
156171,000000156171.jpg,18
161006,000000161006.jpg,18
70746,000000070746.jpg,18
472585,000000472585.jpg,18
374308,000000374308.jpg,18
404297,000000404297.jpg,18
230619,000000230619.jpg,18
73610,000000073610.jpg,18
431452,000000431452.jpg,18
250069,000000250069.jpg,18
464111,000000464111.jpg,18
20748,000000020748.jpg,18
448893,000000448893.jpg,18
253988,000000253988.jpg,18
180641,000000180641.jpg,18
236422,000000236422.jpg,18
429309,000000429309.jpg,18
491556,000000491556.jpg,18
5288,000000005288.jpg,18
194698,000000194698.jpg,18
81918,000000081918.jpg,18
88784,000000088784.jpg,18
460222,000000460222.jpg,18
540225,000000540225.jpg,18
33900,000000033900.jpg,18
488154,000000488154.jpg,18
46056,000000046056.jpg,18
208779,000000208779.jpg,18
63040,000000063040.jpg,18
253785,000000253785.jpg,18
531831,000000531831.jpg,18
22894,000000022894.jpg,18
164659,000000164659.jpg,18
61794,000000061794.jpg,18
394,000000000394.jpg,18
556739,000000556739.jpg,18
408623,000000408623.jpg,18
215618,000000215618.jpg,18
473843,000000473843.jpg,18
6996,000000006996.jpg,18
246512,000000246512.jpg,18
456825,000000456825.jpg,18
569538,000000569538.jpg,18
223203,000000223203.jpg,18
551736,000000551736.jpg,18
36736,000000036736.jpg,18
283152,000000283152.jpg,18
46592,000000046592.jpg,18
261082,000000261082.jpg,18
305323,000000305323.jpg,18
467978,000000467978.jpg,18
294968,000000294968.jpg,18
477398,000000477398.jpg,18
516194,000000516194.jpg,18
478977,000000478977.jpg,18
349585,000000349585.jpg,18
399780,000000399780.jpg,18
200870,000000200870.jpg,18
279530,000000279530.jpg,18
46978,000000046978.jpg,18
336286,000000336286.jpg,18
565582,000000565582.jpg,18
537955,000000537955.jpg,18
283624,000000283624.jpg,18
101050,000000101050.jpg,18
190572,000000190572.jpg,18
21048,000000021048.jpg,18
330022,000000330022.jpg,18
283152,000000283152.jpg,18
157804,000000157804.jpg,18
337551,000000337551.jpg,18
517487,000000517487.jpg,18
318171,000000318171.jpg,18
536278,000000536278.jpg,18
197482,000000197482.jpg,18
454576,000000454576.jpg,18
478410,000000478410.jpg,18
321133,000000321133.jpg,18
237954,000000237954.jpg,18
340598,000000340598.jpg,18
555493,000000555493.jpg,18
151585,000000151585.jpg,18
472266,000000472266.jpg,18
112832,000000112832.jpg,18
333677,000000333677.jpg,18
239558,000000239558.jpg,18
30163,000000030163.jpg,18
37862,000000037862.jpg,18
314920,000000314920.jpg,18
323466,000000323466.jpg,18
515186,000000515186.jpg,18
391374,000000391374.jpg,18
438744,000000438744.jpg,18
21931,000000021931.jpg,18
353622,000000353622.jpg,18
353504,000000353504.jpg,18
392659,000000392659.jpg,18
19304,000000019304.jpg,18
413704,000000413704.jpg,18
498657,000000498657.jpg,18
176500,000000176500.jpg,18
139500,000000139500.jpg,18
489199,000000489199.jpg,18
132529,000000132529.jpg,18
444404,000000444404.jpg,18
241591,000000241591.jpg,18
222037,000000222037.jpg,18
159423,000000159423.jpg,18
209468,000000209468.jpg,18
332824,000000332824.jpg,18
518499,000000518499.jpg,18
398140,000000398140.jpg,18
571903,000000571903.jpg,18
135032,000000135032.jpg,18
402626,000000402626.jpg,18
8351,000000008351.jpg,18
412755,000000412755.jpg,18
133251,000000133251.jpg,18
76937,000000076937.jpg,18
217928,000000217928.jpg,18
570077,000000570077.jpg,18
168963,000000168963.jpg,18
136132,000000136132.jpg,18
426773,000000426773.jpg,18
473631,000000473631.jpg,18
198935,000000198935.jpg,18
44613,000000044613.jpg,18
12093,000000012093.jpg,18
308772,000000308772.jpg,18
209387,000000209387.jpg,18
22870,000000022870.jpg,18
398285,000000398285.jpg,18
164598,000000164598.jpg,18
47263,000000047263.jpg,18
92869,000000092869.jpg,18
407685,000000407685.jpg,18
76491,000000076491.jpg,18
485173,000000485173.jpg,18
423201,000000423201.jpg,18
332568,000000332568.jpg,18
555909,000000555909.jpg,18
104421,000000104421.jpg,18
450653,000000450653.jpg,18
26371,000000026371.jpg,18
241503,000000241503.jpg,18
283408,000000283408.jpg,18
65356,000000065356.jpg,18
321057,000000321057.jpg,18
66960,000000066960.jpg,18
195817,000000195817.jpg,18
101497,000000101497.jpg,18
137931,000000137931.jpg,18
542060,000000542060.jpg,18
561406,000000561406.jpg,18
28359,000000028359.jpg,18
411583,000000411583.jpg,18
14138,000000014138.jpg,18
38827,000000038827.jpg,18
207597,000000207597.jpg,18
316553,000000316553.jpg,18
58849,000000058849.jpg,18
352107,000000352107.jpg,18
358625,000000358625.jpg,18
153811,000000153811.jpg,18
327000,000000327000.jpg,18
285258,000000285258.jpg,18
203511,000000203511.jpg,18
463044,000000463044.jpg,18
426776,000000426776.jpg,18
16950,000000016950.jpg,18
134324,000000134324.jpg,18
461632,000000461632.jpg,18
252919,000000252919.jpg,18
21566,000000021566.jpg,18
252203,000000252203.jpg,18
129026,000000129026.jpg,18
90367,000000090367.jpg,18
414047,000000414047.jpg,18
64818,000000064818.jpg,18
392035,000000392035.jpg,18
186000,000000186000.jpg,18
411484,000000411484.jpg,18
128602,000000128602.jpg,18
284664,000000284664.jpg,18
260699,000000260699.jpg,18
144944,000000144944.jpg,18
465225,000000465225.jpg,18
446512,000000446512.jpg,18
139500,000000139500.jpg,18
274602,000000274602.jpg,18
11426,000000011426.jpg,18
535432,000000535432.jpg,18
569775,000000569775.jpg,18
256229,000000256229.jpg,18
501323,000000501323.jpg,18
342851,000000342851.jpg,18
39368,000000039368.jpg,18
546261,000000546261.jpg,18
168661,000000168661.jpg,18
24664,000000024664.jpg,18
492683,000000492683.jpg,18
57702,000000057702.jpg,18
131714,000000131714.jpg,18
48126,000000048126.jpg,18
263913,000000263913.jpg,18
476553,000000476553.jpg,18
79196,000000079196.jpg,18
35894,000000035894.jpg,18
157341,000000157341.jpg,18
435134,000000435134.jpg,18
440819,000000440819.jpg,18
177913,000000177913.jpg,18
33405,000000033405.jpg,18
170898,000000170898.jpg,18
374372,000000374372.jpg,18
9236,000000009236.jpg,18
45175,000000045175.jpg,18
89188,000000089188.jpg,18
408800,000000408800.jpg,18
197330,000000197330.jpg,18
563009,000000563009.jpg,18
105918,000000105918.jpg,18
36439,000000036439.jpg,18
224134,000000224134.jpg,18
524382,000000524382.jpg,18
403687,000000403687.jpg,18
169701,000000169701.jpg,18
288127,000000288127.jpg,18
270744,000000270744.jpg,18
163813,000000163813.jpg,18
227227,000000227227.jpg,18
373348,000000373348.jpg,18
183757,000000183757.jpg,18
380724,000000380724.jpg,18
187576,000000187576.jpg,18
540092,000000540092.jpg,18
106621,000000106621.jpg,18
452300,000000452300.jpg,18
524420,000000524420.jpg,18
265198,000000265198.jpg,18
239644,000000239644.jpg,18
129187,000000129187.jpg,18
476796,000000476796.jpg,18
141718,000000141718.jpg,18
115763,000000115763.jpg,18
17923,000000017923.jpg,18
348751,000000348751.jpg,18
344127,000000344127.jpg,18
16950,000000016950.jpg,18
116663,000000116663.jpg,18
63214,000000063214.jpg,18
5862,000000005862.jpg,18
462710,000000462710.jpg,18
489785,000000489785.jpg,18
161505,000000161505.jpg,18
338025,000000338025.jpg,18
211945,000000211945.jpg,18
204800,000000204800.jpg,18
330486,000000330486.jpg,18
287328,000000287328.jpg,18
201969,000000201969.jpg,18
552740,000000552740.jpg,18
202158,000000202158.jpg,18
369575,000000369575.jpg,18
521923,000000521923.jpg,18
38616,000000038616.jpg,18
22879,000000022879.jpg,18
149180,000000149180.jpg,18
336568,000000336568.jpg,18
132841,000000132841.jpg,18
544117,000000544117.jpg,18
372229,000000372229.jpg,18
278240,000000278240.jpg,18
262418,000000262418.jpg,18
163496,000000163496.jpg,18
301943,000000301943.jpg,18
97568,000000097568.jpg,18
432120,000000432120.jpg,18
142779,000000142779.jpg,18
16206,000000016206.jpg,18
331419,000000331419.jpg,18
460937,000000460937.jpg,18
457943,000000457943.jpg,18
68005,000000068005.jpg,18
200376,000000200376.jpg,18
35489,000000035489.jpg,18
329989,000000329989.jpg,18
361022,000000361022.jpg,18
337551,000000337551.jpg,18
317851,000000317851.jpg,18
549936,000000549936.jpg,18
300322,000000300322.jpg,18
136720,000000136720.jpg,18
203371,000000203371.jpg,18
129806,000000129806.jpg,18
530899,000000530899.jpg,18
437609,000000437609.jpg,18
72189,000000072189.jpg,18
542174,000000542174.jpg,18
375296,000000375296.jpg,18
103737,000000103737.jpg,18
18530,000000018530.jpg,18
105782,000000105782.jpg,18
511255,000000511255.jpg,18
68094,000000068094.jpg,18
343153,000000343153.jpg,18
263896,000000263896.jpg,18
341056,000000341056.jpg,18
98503,000000098503.jpg,18
343319,000000343319.jpg,18
546962,000000546962.jpg,18
276693,000000276693.jpg,18
43193,000000043193.jpg,18
255134,000000255134.jpg,18
429638,000000429638.jpg,18
450672,000000450672.jpg,18
140444,000000140444.jpg,18
456653,000000456653.jpg,18
176729,000000176729.jpg,18
9133,000000009133.jpg,18
432752,000000432752.jpg,18
403421,000000403421.jpg,18
30731,000000030731.jpg,18
145499,000000145499.jpg,18
531803,000000531803.jpg,18
163473,000000163473.jpg,18
218561,000000218561.jpg,18
363489,000000363489.jpg,18
359529,000000359529.jpg,18
466020,000000466020.jpg,18
518785,000000518785.jpg,18
189975,000000189975.jpg,18
430230,000000430230.jpg,18
123964,000000123964.jpg,18
367951,000000367951.jpg,18
521697,000000521697.jpg,18
398285,000000398285.jpg,18
49370,000000049370.jpg,18
58741,000000058741.jpg,18
5326,000000005326.jpg,18
424816,000000424816.jpg,18
321969,000000321969.jpg,18
380252,000000380252.jpg,18
143665,000000143665.jpg,18
24002,000000024002.jpg,18
518951,000000518951.jpg,18
360002,000000360002.jpg,18
34824,000000034824.jpg,18
215554,000000215554.jpg,18
82709,000000082709.jpg,18
9469,000000009469.jpg,18
241837,000000241837.jpg,18
354569,000000354569.jpg,18
423529,000000423529.jpg,18
75973,000000075973.jpg,18
271576,000000271576.jpg,18
177529,000000177529.jpg,18
74,000000000074.jpg,18
267560,000000267560.jpg,18
469898,000000469898.jpg,18
77697,000000077697.jpg,18
433805,000000433805.jpg,18
468902,000000468902.jpg,18
389138,000000389138.jpg,18
446899,000000446899.jpg,18
393909,000000393909.jpg,18
26645,000000026645.jpg,18
537291,000000537291.jpg,18
499662,000000499662.jpg,18
186000,000000186000.jpg,18
164598,000000164598.jpg,18
117884,000000117884.jpg,18
433763,000000433763.jpg,18
181619,000000181619.jpg,18
9133,000000009133.jpg,18
39669,000000039669.jpg,18
286149,000000286149.jpg,18
449560,000000449560.jpg,18
321903,000000321903.jpg,18
202275,000000202275.jpg,18
464443,000000464443.jpg,18
184224,000000184224.jpg,18
179441,000000179441.jpg,18
381789,000000381789.jpg,18
252213,000000252213.jpg,18
397375,000000397375.jpg,18
544122,000000544122.jpg,18
194540,000000194540.jpg,18
202582,000000202582.jpg,18
127659,000000127659.jpg,18
384804,000000384804.jpg,18
186000,000000186000.jpg,18
22874,000000022874.jpg,18
396905,000000396905.jpg,18
308103,000000308103.jpg,18
388297,000000388297.jpg,18
444073,000000444073.jpg,18
577310,000000577310.jpg,18
447520,000000447520.jpg,18
131714,000000131714.jpg,18
463534,000000463534.jpg,18
504902,000000504902.jpg,18
103318,000000103318.jpg,18
391976,000000391976.jpg,18
125652,000000125652.jpg,18
132420,000000132420.jpg,18
397231,000000397231.jpg,18
492774,000000492774.jpg,18
520123,000000520123.jpg,18
312712,000000312712.jpg,18
43734,000000043734.jpg,18
567106,000000567106.jpg,18
279341,000000279341.jpg,18
155117,000000155117.jpg,18
520569,000000520569.jpg,18
473888,000000473888.jpg,18
581089,000000581089.jpg,18
164114,000000164114.jpg,18
327805,000000327805.jpg,18
520445,000000520445.jpg,18
435414,000000435414.jpg,18
217495,000000217495.jpg,18
254074,000000254074.jpg,18
1360,000000001360.jpg,18
252203,000000252203.jpg,18
20613,000000020613.jpg,18
33325,000000033325.jpg,18
197427,000000197427.jpg,18
114504,000000114504.jpg,18
482021,000000482021.jpg,18
244839,000000244839.jpg,18
166328,000000166328.jpg,18
494574,000000494574.jpg,18
55780,000000055780.jpg,18
115721,000000115721.jpg,18
510594,000000510594.jpg,18
193506,000000193506.jpg,18
34865,000000034865.jpg,18
460343,000000460343.jpg,18
566264,000000566264.jpg,18
86459,000000086459.jpg,18
117690,000000117690.jpg,18
475711,000000475711.jpg,18
247068,000000247068.jpg,18
567997,000000567997.jpg,18
534829,000000534829.jpg,18
414701,000000414701.jpg,18
252807,000000252807.jpg,18
282768,000000282768.jpg,18
235446,000000235446.jpg,18
298080,000000298080.jpg,18
280442,000000280442.jpg,18
516458,000000516458.jpg,18
153960,000000153960.jpg,18
57703,000000057703.jpg,18
430394,000000430394.jpg,18
286932,000000286932.jpg,18
215113,000000215113.jpg,18
85566,000000085566.jpg,18
134597,000000134597.jpg,18
535483,000000535483.jpg,18
547703,000000547703.jpg,18
296676,000000296676.jpg,18
418500,000000418500.jpg,18
314879,000000314879.jpg,18
315581,000000315581.jpg,18
500100,000000500100.jpg,18
209387,000000209387.jpg,18
399031,000000399031.jpg,18
372976,000000372976.jpg,18
290942,000000290942.jpg,18
16950,000000016950.jpg,18
438253,000000438253.jpg,18
451123,000000451123.jpg,18
326698,000000326698.jpg,18
140444,000000140444.jpg,18
497733,000000497733.jpg,18
445500,000000445500.jpg,18
480656,000000480656.jpg,18
351351,000000351351.jpg,18
356610,000000356610.jpg,18
502866,000000502866.jpg,18
467252,000000467252.jpg,18
340160,000000340160.jpg,18
119805,000000119805.jpg,18
319062,000000319062.jpg,18
151988,000000151988.jpg,18
146623,000000146623.jpg,18
70754,000000070754.jpg,18
381605,000000381605.jpg,18
91057,000000091057.jpg,18
87720,000000087720.jpg,18
249445,000000249445.jpg,18
93816,000000093816.jpg,18
284851,000000284851.jpg,18
156025,000000156025.jpg,18
218114,000000218114.jpg,18
164357,000000164357.jpg,18
298304,000000298304.jpg,18
2477,000000002477.jpg,18
362219,000000362219.jpg,18
576622,000000576622.jpg,18
216861,000000216861.jpg,18
440666,000000440666.jpg,18
279994,000000279994.jpg,18
101050,000000101050.jpg,18
477111,000000477111.jpg,18
262718,000000262718.jpg,18
26734,000000026734.jpg,18
16950,000000016950.jpg,18
499451,000000499451.jpg,18
355389,000000355389.jpg,18
156367,000000156367.jpg,18
444226,000000444226.jpg,18
303651,000000303651.jpg,18
427133,000000427133.jpg,18
140444,000000140444.jpg,18
440455,000000440455.jpg,18
367120,000000367120.jpg,18
423826,000000423826.jpg,18
421902,000000421902.jpg,18
281533,000000281533.jpg,18
110395,000000110395.jpg,18
580382,000000580382.jpg,18
22281,000000022281.jpg,18
168806,000000168806.jpg,18
174066,000000174066.jpg,18
305247,000000305247.jpg,18
17420,000000017420.jpg,18
511307,000000511307.jpg,18
250380,000000250380.jpg,18
350245,000000350245.jpg,18
526737,000000526737.jpg,18
558036,000000558036.jpg,18
131087,000000131087.jpg,18
77325,000000077325.jpg,18
16950,000000016950.jpg,18
251442,000000251442.jpg,18
285258,000000285258.jpg,18
416771,000000416771.jpg,18
494721,000000494721.jpg,18
127643,000000127643.jpg,18
298080,000000298080.jpg,18
342340,000000342340.jpg,18
581055,000000581055.jpg,18
315555,000000315555.jpg,18
137788,000000137788.jpg,18
95592,000000095592.jpg,18
401061,000000401061.jpg,18
412631,000000412631.jpg,18
47916,000000047916.jpg,18
423529,000000423529.jpg,18
494297,000000494297.jpg,18
198518,000000198518.jpg,18
335857,000000335857.jpg,18
525619,000000525619.jpg,18
557721,000000557721.jpg,18
136373,000000136373.jpg,18
571076,000000571076.jpg,18
355629,000000355629.jpg,18
320974,000000320974.jpg,18
318171,000000318171.jpg,18
92869,000000092869.jpg,18
187167,000000187167.jpg,18
578650,000000578650.jpg,18
357322,000000357322.jpg,18
354126,000000354126.jpg,18
65400,000000065400.jpg,18
281533,000000281533.jpg,18
25994,000000025994.jpg,18
428366,000000428366.jpg,18
407196,000000407196.jpg,18
357943,000000357943.jpg,18
144717,000000144717.jpg,18
123175,000000123175.jpg,18
251716,000000251716.jpg,18
359133,000000359133.jpg,18
173484,000000173484.jpg,18
394404,000000394404.jpg,18
300000,000000300000.jpg,18
370973,000000370973.jpg,18
531803,000000531803.jpg,18
406716,000000406716.jpg,18
410168,000000410168.jpg,18
564330,000000564330.jpg,18
412222,000000412222.jpg,18
126815,000000126815.jpg,18
508949,000000508949.jpg,18
10276,000000010276.jpg,18
56585,000000056585.jpg,18
439865,000000439865.jpg,18
57503,000000057503.jpg,18
27617,000000027617.jpg,18
276871,000000276871.jpg,18
514099,000000514099.jpg,18
73906,000000073906.jpg,18
26730,000000026730.jpg,18
482310,000000482310.jpg,18
456788,000000456788.jpg,18
233660,000000233660.jpg,18
237954,000000237954.jpg,18
243017,000000243017.jpg,18
12251,000000012251.jpg,18
398271,000000398271.jpg,18
565341,000000565341.jpg,18
181413,000000181413.jpg,18
24247,000000024247.jpg,18
550287,000000550287.jpg,18
499451,000000499451.jpg,18
167623,000000167623.jpg,18
86907,000000086907.jpg,18
40580,000000040580.jpg,18
1911,000000001911.jpg,18
463290,000000463290.jpg,18
301429,000000301429.jpg,18
127937,000000127937.jpg,18
114080,000000114080.jpg,18
251442,000000251442.jpg,18
14883,000000014883.jpg,18
275268,000000275268.jpg,18
161505,000000161505.jpg,18
305247,000000305247.jpg,18
152041,000000152041.jpg,18
23703,000000023703.jpg,18
529475,000000529475.jpg,18
420397,000000420397.jpg,18
238994,000000238994.jpg,18
140700,000000140700.jpg,18
148168,000000148168.jpg,18
18633,000000018633.jpg,18
122934,000000122934.jpg,18
434968,000000434968.jpg,18
107672,000000107672.jpg,18
187432,000000187432.jpg,18
386637,000000386637.jpg,18
89340,000000089340.jpg,18
275832,000000275832.jpg,18
302661,000000302661.jpg,18
244215,000000244215.jpg,18
102367,000000102367.jpg,18
271118,000000271118.jpg,18
484062,000000484062.jpg,18
396684,000000396684.jpg,18
451976,000000451976.jpg,18
358534,000000358534.jpg,18
84479,000000084479.jpg,18
84980,000000084980.jpg,18
157804,000000157804.jpg,18
527908,000000527908.jpg,18
476086,000000476086.jpg,18
114240,000000114240.jpg,18
476303,000000476303.jpg,18
42225,000000042225.jpg,18
518695,000000518695.jpg,18
552575,000000552575.jpg,18
109393,000000109393.jpg,18
303314,000000303314.jpg,18
429717,000000429717.jpg,18
42341,000000042341.jpg,18
551906,000000551906.jpg,18
351287,000000351287.jpg,18
245953,000000245953.jpg,18
111648,000000111648.jpg,18
179603,000000179603.jpg,18
231719,000000231719.jpg,18
61601,000000061601.jpg,18
489834,000000489834.jpg,18
478839,000000478839.jpg,18
309968,000000309968.jpg,18
184606,000000184606.jpg,18
156102,000000156102.jpg,18
188546,000000188546.jpg,18
561903,000000561903.jpg,18
286302,000000286302.jpg,18
547115,000000547115.jpg,18
369041,000000369041.jpg,18
86205,000000086205.jpg,18
237954,000000237954.jpg,18
24247,000000024247.jpg,18
579591,000000579591.jpg,18
195449,000000195449.jpg,18
187177,000000187177.jpg,18
176697,000000176697.jpg,18
203511,000000203511.jpg,18
544117,000000544117.jpg,18
396217,000000396217.jpg,18
231466,000000231466.jpg,18
295537,000000295537.jpg,18
121778,000000121778.jpg,18
306339,000000306339.jpg,18
100583,000000100583.jpg,18
33900,000000033900.jpg,18
566849,000000566849.jpg,18
393384,000000393384.jpg,18
275253,000000275253.jpg,18
288955,000000288955.jpg,18
534252,000000534252.jpg,18
543210,000000543210.jpg,18
428389,000000428389.jpg,18
399349,000000399349.jpg,18
450518,000000450518.jpg,18
268937,000000268937.jpg,18
494663,000000494663.jpg,18
169774,000000169774.jpg,18
580651,000000580651.jpg,18
366484,000000366484.jpg,18
392642,000000392642.jpg,18
488655,000000488655.jpg,18
422591,000000422591.jpg,18
308098,000000308098.jpg,18
